,Dew,SeaP,Temp,WD,WS,area,rain6,rainaccu
0,6.098591838774066,1019.082820649596,11.544122457889596,171.11015883363362,2.1272866533067845,CS,20.058242208350826,654.506896551724
1,-14.142542624937969,1025.8945471588506,-0.8077182863045763,187.4491043967842,2.8475802924139826,MG,4.1584291966573295,22.94
2,-11.649994317474752,1025.301479447893,-0.17884323519334752,207.93308645682814,2.9555590863818475,NCP,3.931156307289771,66.1076923076923
3,-15.304044825837403,1021.7035358432287,-7.622194326338604,213.734153872668,2.7546185168933293,NEC,4.747182677512194,42.760714285714286
4,-12.931767926791633,1026.5951363207153,-0.39197675774956425,176.56341606551203,2.3863852239137175,NW,3.6024887050504475,26.377142857142854
5,13.967466046995234,1016.6707048382641,18.901071093966237,148.93576282592113,2.6845581899774986,SC,,385.6132075471699
6,-17.36736361571335,1017.7179023668983,-2.5850192096174656,198.25829445084855,2.5343074866394906,TP,3.630676514189557,39.784
7,3.3963352985718394,1022.1831510493747,9.266450235252105,160.69328123547447,2.1729583177917617,YR,13.852499252859653,379.4153846153846
